-- --------------------------------------------------------
-- Хост:                         10.0.2.18
-- Версия сервера:               8.0.39-0ubuntu0.20.04.1 - (Ubuntu)
-- Операционная система:         Linux
-- HeidiSQL Версия:              12.8.0.6908
-- --------------------------------------------------------

/*!40101 SET @OLD_CHARACTER_SET_CLIENT=@@CHARACTER_SET_CLIENT */;
/*!40101 SET NAMES utf8 */;
/*!50503 SET NAMES utf8mb4 */;
/*!40103 SET @OLD_TIME_ZONE=@@TIME_ZONE */;
/*!40103 SET TIME_ZONE='+00:00' */;
/*!40014 SET @OLD_FOREIGN_KEY_CHECKS=@@FOREIGN_KEY_CHECKS, FOREIGN_KEY_CHECKS=0 */;
/*!40101 SET @OLD_SQL_MODE=@@SQL_MODE, SQL_MODE='NO_AUTO_VALUE_ON_ZERO' */;
/*!40111 SET @OLD_SQL_NOTES=@@SQL_NOTES, SQL_NOTES=0 */;

-- Дамп структуры для таблица corusant.access_rights
CREATE TABLE IF NOT EXISTS `access_rights` (
  `id` int NOT NULL AUTO_INCREMENT,
  `name` varchar(500) DEFAULT NULL,
  `comments` text,
  PRIMARY KEY (`id`)
) ENGINE=InnoDB AUTO_INCREMENT=4 DEFAULT CHARSET=utf8mb4 COLLATE=utf8mb4_0900_ai_ci;

-- Дамп данных таблицы corusant.access_rights: ~3 rows (приблизительно)
INSERT INTO `access_rights` (`id`, `name`, `comments`) VALUES
	(1, 'DepartmentTeacherPlans', 'Доступ к персональным планам кафедры'),
	(2, 'AllTeacherPlans', 'Доступ ко всем персональным планам'),
	(3, 'OwnTeacherPlans', 'Доступ к своим персональным планам');

-- Дамп структуры для таблица corusant.course
CREATE TABLE IF NOT EXISTS `course` (
  `id` int NOT NULL AUTO_INCREMENT,
  `name` varchar(50) CHARACTER SET utf8mb4 COLLATE utf8mb4_0900_ai_ci NOT NULL,
  `educational_form` int NOT NULL,
  PRIMARY KEY (`id`)
) ENGINE=InnoDB AUTO_INCREMENT=51 DEFAULT CHARSET=utf8mb4 COLLATE=utf8mb4_0900_ai_ci;

-- Дамп данных таблицы corusant.course: ~50 rows (приблизительно)
INSERT INTO `course` (`id`, `name`, `educational_form`) VALUES
	(1, '1 АФКб (ДО)', 1),
	(2, '2 АФКб (ДО)', 1),
	(3, '3 АФКб (ДО)', 1),
	(4, '4 АФКб (ДО)', 1),
	(5, '5 АФКб (ЗО)', 2),
	(6, '1 СПОРТб (ДО)', 1),
	(7, '2 СПОРТб (ДО)', 1),
	(8, '3 СПОРТб (ДО)', 1),
	(9, '4 СПОРТб (ДО)', 1),
	(10, '5 СПОРТб (ЗО)', 2),
	(11, '1 ФКб (ДО)', 1),
	(12, '2 ФКб (ДО)', 1),
	(13, '3 ФКб (ДО)', 1),
	(14, '4 ФКб (ДО)', 1),
	(15, '5 ФКб (ЗО)', 2),
	(16, '1 ППОб (ДО)', 1),
	(17, '2 ППОб (ДО)', 1),
	(18, '3 ППОб (ДО)', 1),
	(19, '4 ППОб (ДО)', 1),
	(20, '5 ППОб (ЗО)', 2),
	(21, '1 АФКм (ДО)', 1),
	(22, '2 АФКм (ДО)', 1),
	(23, '3 АФКм (ЗО)', 2),
	(24, '1 СПОРТм (ДО)', 1),
	(25, '2 СПОРТм (ДО)', 1),
	(26, '3 СПОРТм (ЗО)', 2),
	(27, '1 ФКм (ПОвФКиС) (ДО)', 1),
	(28, '2 ФКм (ПОвФКиС) (ДО)', 1),
	(29, '1 ФКм (УФКиС) (ДО)', 1),
	(30, '2 ФКм (УФКиС) (ДО)', 1),
	(31, '1 АФКб (ЗО)', 2),
	(32, '2 АФКб (ЗО)', 2),
	(33, '3 АФКб (ЗО)', 2),
	(34, '4 АФКб (ЗО)', 2),
	(35, '1 СПОРТб (ЗО)', 2),
	(36, '2 СПОРТб (ЗО)', 2),
	(37, '3 СПОРТб (ЗО)', 2),
	(38, '4 СПОРТб (ЗО)', 2),
	(39, '1 ФКб (ЗО)', 2),
	(40, '2 ФКб (ЗО)', 2),
	(41, '3 ФКб (ЗО)', 2),
	(42, '4 ФКб (ЗО)', 2),
	(43, '1 ППОб (ЗО)', 2),
	(44, '2 ППОб (ЗО)', 2),
	(45, '3 ППОб (ЗО)', 2),
	(46, '4 ППОб (ЗО)', 2),
	(47, '1 АФКм (ЗО)', 2),
	(48, '2 АФКм (ЗО)', 2),
	(49, '1 СПОРТм (ЗО)', 2),
	(50, '2 СПОРТм (ЗО)', 2);

-- Дамп структуры для таблица corusant.department
CREATE TABLE IF NOT EXISTS `department` (
  `id` int NOT NULL AUTO_INCREMENT,
  `name` varchar(255) NOT NULL,
  PRIMARY KEY (`id`),
  UNIQUE KEY `department_name` (`name`)
) ENGINE=InnoDB AUTO_INCREMENT=18 DEFAULT CHARSET=utf8mb4 COLLATE=utf8mb4_0900_ai_ci;

-- Дамп данных таблицы corusant.department: ~11 rows (приблизительно)
INSERT INTO `department` (`id`, `name`) VALUES
	(13, 'Кафедра АФК'),
	(11, 'Кафедра ВВС'),
	(4, 'Кафедра ГДиЭ'),
	(5, 'Кафедра ГТСиА'),
	(14, 'Кафедра МБД'),
	(7, 'Кафедра ППиКД'),
	(6, 'Кафедра СЕиТД'),
	(12, 'Кафедра СИ'),
	(10, 'Кафедра ТиМ ЛА'),
	(9, 'Кафедра ТиМ ФВ'),
	(8, 'Кафедра ТиТФКиС'),
	(17, 'Отлел качества образовательной деятельности'),
	(15, 'Ректорат'),
	(16, 'Учебный отдел');

-- Дамп структуры для таблица corusant.department_posts
CREATE TABLE IF NOT EXISTS `department_posts` (
  `id` int NOT NULL AUTO_INCREMENT,
  `department_id` int NOT NULL,
  `post_id` int NOT NULL,
  PRIMARY KEY (`id`),
  KEY `FK_department_post` (`department_id`),
  KEY `FK_post_department` (`post_id`),
  CONSTRAINT `FK_department_post` FOREIGN KEY (`department_id`) REFERENCES `department` (`id`) ON DELETE CASCADE ON UPDATE CASCADE,
  CONSTRAINT `FK_post_department` FOREIGN KEY (`post_id`) REFERENCES `post` (`id`) ON DELETE CASCADE ON UPDATE CASCADE
) ENGINE=InnoDB AUTO_INCREMENT=98 DEFAULT CHARSET=utf8mb4 COLLATE=utf8mb4_0900_ai_ci;

-- Дамп данных таблицы corusant.department_posts: ~88 rows (приблизительно)
INSERT INTO `department_posts` (`id`, `department_id`, `post_id`) VALUES
	(1, 4, 1),
	(2, 4, 2),
	(3, 4, 3),
	(4, 4, 4),
	(5, 4, 5),
	(6, 4, 6),
	(7, 4, 7),
	(8, 4, 8),
	(9, 5, 1),
	(10, 5, 2),
	(11, 5, 3),
	(12, 5, 4),
	(13, 5, 5),
	(14, 5, 6),
	(15, 5, 7),
	(16, 5, 8),
	(17, 6, 1),
	(18, 6, 2),
	(19, 6, 3),
	(20, 6, 4),
	(21, 6, 5),
	(22, 6, 6),
	(23, 6, 7),
	(24, 6, 8),
	(25, 7, 1),
	(26, 7, 2),
	(27, 7, 3),
	(28, 7, 4),
	(29, 7, 5),
	(30, 7, 6),
	(31, 7, 7),
	(32, 7, 8),
	(33, 8, 1),
	(34, 8, 2),
	(35, 8, 3),
	(36, 8, 4),
	(37, 8, 5),
	(38, 8, 6),
	(39, 8, 7),
	(40, 8, 8),
	(41, 9, 1),
	(42, 9, 2),
	(43, 9, 3),
	(44, 9, 4),
	(45, 9, 9),
	(46, 9, 6),
	(47, 9, 7),
	(48, 9, 8),
	(49, 10, 1),
	(50, 10, 2),
	(51, 10, 3),
	(52, 10, 4),
	(53, 10, 5),
	(54, 10, 6),
	(55, 10, 7),
	(56, 10, 8),
	(57, 11, 1),
	(58, 11, 2),
	(59, 11, 3),
	(60, 11, 4),
	(61, 11, 5),
	(62, 11, 6),
	(63, 11, 7),
	(64, 11, 8),
	(65, 12, 1),
	(66, 12, 2),
	(67, 12, 3),
	(68, 12, 4),
	(69, 12, 5),
	(70, 12, 6),
	(71, 12, 7),
	(72, 12, 8),
	(73, 13, 1),
	(74, 13, 2),
	(75, 13, 3),
	(76, 13, 4),
	(77, 13, 5),
	(78, 13, 6),
	(79, 13, 7),
	(80, 13, 8),
	(81, 14, 1),
	(82, 14, 2),
	(83, 14, 3),
	(84, 14, 4),
	(85, 14, 5),
	(86, 14, 6),
	(87, 14, 7),
	(88, 14, 8),
	(89, 15, 10),
	(90, 15, 11),
	(91, 15, 12),
	(92, 15, 13),
	(93, 15, 14),
	(94, 16, 23),
	(95, 16, 24),
	(96, 17, 23),
	(97, 17, 25);

-- Дамп структуры для таблица corusant.disciline_department
CREATE TABLE IF NOT EXISTS `disciline_department` (
  `id` int NOT NULL AUTO_INCREMENT,
  `discipline_id` int DEFAULT NULL,
  `department_id` int DEFAULT NULL,
  PRIMARY KEY (`id`),
  KEY `FK__department` (`department_id`),
  KEY `FK_disciline_department_discipline` (`discipline_id`),
  CONSTRAINT `FK__department` FOREIGN KEY (`department_id`) REFERENCES `department` (`id`) ON DELETE CASCADE ON UPDATE CASCADE,
  CONSTRAINT `FK_disciline_department_discipline` FOREIGN KEY (`discipline_id`) REFERENCES `discipline` (`id`) ON DELETE CASCADE ON UPDATE CASCADE
) ENGINE=InnoDB AUTO_INCREMENT=3 DEFAULT CHARSET=utf8mb4 COLLATE=utf8mb4_0900_ai_ci;

-- Дамп данных таблицы corusant.disciline_department: ~0 rows (приблизительно)

-- Дамп структуры для таблица corusant.discipline
CREATE TABLE IF NOT EXISTS `discipline` (
  `id` int NOT NULL AUTO_INCREMENT,
  `name` varchar(255) DEFAULT NULL,
  PRIMARY KEY (`id`),
  UNIQUE KEY `name` (`name`)
) ENGINE=InnoDB AUTO_INCREMENT=294 DEFAULT CHARSET=utf8mb4 COLLATE=utf8mb4_0900_ai_ci;

-- Дамп данных таблицы corusant.discipline: ~292 rows (приблизительно)
INSERT INTO `discipline` (`id`, `name`) VALUES
	(185, 'Адаптивная двигательная рекреация'),
	(202, 'Адаптивная физическая культура'),
	(270, 'Адаптивная физическая культура в центрах социальной реабилитации инвалидов'),
	(271, 'Адаптивное физическое воспитание в школах-интернатах и детских домах'),
	(186, 'Адаптивное физическое воспитание взрослого населения'),
	(275, 'Адаптивное физическое воспитание детей до трех лет'),
	(165, 'Адаптивное физическое воспитание лиц в дошкольных и общеобразовательных организациях'),
	(180, 'Адаптивное физическое воспитание лиц с нарушением интеллектуального развития'),
	(179, 'Адаптивное физическое воспитание лиц с поражением опорно-двигательного аппарата'),
	(178, 'Адаптивное физическое воспитание лиц с сенсорными нарушениями'),
	(181, 'Адаптивное физическое воспитание школьников в специальных (коррекционных) образовательных учреждениях для глухих и слабослышащих'),
	(167, 'Адаптивный спорт'),
	(7, 'Актуальные проблемы в системе научных знаний о спорте'),
	(21, 'Анатомия и возрастная физиология'),
	(82, 'Анатомия человека'),
	(151, 'Анимационная деятельность в физической культуре'),
	(137, 'Атлетизм'),
	(28, 'Безопасность жизнедеятельности'),
	(134, 'Бизнес-планирование в спортивных организациях'),
	(106, 'Биология и химия'),
	(90, 'Биомеханика двигательной деятельности'),
	(91, 'Биохимия человека'),
	(49, 'Введение в профессиональную деятельность (с практикумом)'),
	(103, 'Введение в профессию'),
	(148, 'Внеурочные формы физического воспитания школьников и студентов'),
	(175, 'Возрастная психопатология и психоконсультирование'),
	(163, 'Врачебный контроль в адаптивной физической культуре'),
	(96, 'Гигиенические основы физкультурно-спортивной деятельности'),
	(161, 'Гигиенические основы физкультурно-спортивной деятельности в адаптивной физической культуре'),
	(182, 'Гидрореабилитация'),
	(116, 'Государственное и муниципальное управление в сфере физической культуры и спорта'),
	(187, 'Двигательная активность женщин в период беременности и после родов'),
	(218, 'Двигательная рекреация'),
	(53, 'Деятельность специалиста органа опеки и попечительства в отношении несовершеннолетних'),
	(68, 'Деятельность школьной социально-психологической службы'),
	(39, 'Диагностика социальной и школьной дезадаптации'),
	(256, 'Документационное обеспечение деятельности спортивных организаций'),
	(127, 'Документообеспечение спортивных организаций'),
	(266, 'Инклюзивное физическое воспитание в образовательных организациях'),
	(5, 'Иностранный язык'),
	(259, 'Иностранный язык в профессиональной деятельности'),
	(157, 'Информационные технологии в адаптивной физической культуре'),
	(230, 'Информационные технологии в науке и образовании в области физической культуры и спорта'),
	(279, 'Информационные технологии в науке и спортивной практике'),
	(19, 'Информационные технологии в профессиональной деятельности'),
	(95, 'Информационные технологии в физической культуре и спорте'),
	(156, 'История адаптивной физической культуры'),
	(229, 'История и методология науки в области физической культуры и спорта'),
	(258, 'История и методология научных исследований в области физической культуры и спорта'),
	(4, 'История и философия науки'),
	(16, 'История России'),
	(80, 'История физической культуры и спорта'),
	(112, 'Кадровая политика организаций сферы физической культуры и спорта'),
	(3, 'Кандидатский экзамен по иностранному языку'),
	(2, 'Кандидатский экзамен по истории и философии науки'),
	(176, 'Комплексная реабилитация больных и инвалидов'),
	(123, 'Конституционно-правовые основы физической культуры и спорта'),
	(46, 'Консультирование семей, находящихся в конфликтном и кризисном состоянии'),
	(45, 'Коррекция агрессивного и виктимного поведения детей и молодежи (с практикумом)'),
	(122, 'Краеведение'),
	(108, 'Культурология'),
	(143, 'Лечебная физическая культура'),
	(183, 'Лечебный массаж'),
	(236, 'Логика'),
	(255, 'Маркетинг услуг в сфере физической культуры и спорта'),
	(119, 'Маркетинговая деятельность спортивных организаций'),
	(140, 'Массаж'),
	(105, 'Математика и физика'),
	(177, 'Математическая статистика в физической культуре и спорте'),
	(174, 'Материально-техническое обеспечение в адаптивной физической культуры'),
	(111, 'Материально-техническое обеспечение спортивных организаций'),
	(291, 'Медико-биологические проблемы перенапряжений в спорте'),
	(54, 'Межведомственное взаимодействие специалистов системы социальной защиты детства'),
	(130, 'Менеджмент спортивно-массовой работы'),
	(252, 'Менеджмент спортивной организации'),
	(98, 'Менеджмент физической культуры и спорта'),
	(12, 'Методика научного эксперимента'),
	(77, 'Методика организации волонтерской деятельности'),
	(37, 'Методика организации культурно-досуговой деятельности'),
	(11, 'Методика подготовки и оформления диссертации'),
	(205, 'Методика преподавания дисциплины "Физическая культура" в образовательных организациях'),
	(211, 'Методика применения тренажерных устройств для развития физических качеств'),
	(40, 'Методика профилактики социальных девиаций'),
	(52, 'Методика работы вожатого в детско-юношеской организации'),
	(197, 'Методика реализации программ дополнительного образования в области физической культуры и спорта'),
	(228, 'Методика судейства и организация соревнований по волейболу, баскетболу и  гандболу'),
	(207, 'Методика судейства и организация соревнований по волейболу, баскетболу и гандболу'),
	(42, 'Методика формирования ответственного родительства'),
	(60, 'Методика формирования социальной зрелости'),
	(154, 'Методики раннего развития детей'),
	(142, 'Методические основы дополнительного образования в сфере физической культуры'),
	(209, 'Методические основы обучения и тренировки в адаптивном плавании'),
	(240, 'Методическое сопровождение работы преподавателя физической культуры'),
	(22, 'Методология и методы научного исследования'),
	(6, 'Методология научного исследования'),
	(9, 'Метрологические основы сбора и обработки результатов научных исследований'),
	(289, 'Морфологические критерии спортивного отбора'),
	(216, 'Настольный теннис'),
	(99, 'Научно-методическая деятельность'),
	(238, 'Научно-методические основы образовательного процесса в образовательных организациях высшего образования'),
	(214, 'Научно-методическое обеспечение сборных команд'),
	(13, 'Научно-педагогическая практика'),
	(272, 'Нормативно-правовое обеспечение адаптивной физической культуры'),
	(264, 'Обучение двигательным действиям'),
	(166, 'Общая патология и тератология'),
	(281, 'Общая теория спорта и технология подготовки спортсменов'),
	(246, 'Оздоровительная физическая культура различных возрастных категорий населения'),
	(221, 'Оздоровительное плавание'),
	(132, 'Организационно-методические основы физического воспитания в школе'),
	(146, 'Организационно-методическое обеспечение деятельности инструктора-методиста'),
	(131, 'Организационно-методическое сопровождение работы учителя физической культуры'),
	(262, 'Организационно-управленческая деятельность в адаптивной физической культуре'),
	(276, 'Организация деятельности ДЮСАШ'),
	(257, 'Организация документооборота в спортивной организации'),
	(243, 'Организация и проведение массовых физкультурно-спортивных мероприятий'),
	(210, 'Организация и проведение спортивно-массовых мероприятий по легкой атлетике'),
	(274, 'Организация реабилитационной помощи для лиц с ограниченными возможностями здоровья в центрах геронтологии'),
	(212, 'Организация учебно-тренировочного процесса в мини-футболе'),
	(153, 'Основы акмеологии физической культуры и спорта'),
	(198, 'Основы антидопингового обеспечения'),
	(25, 'Основы валеологии'),
	(194, 'Основы дефектологии'),
	(118, 'Основы маркетинга в сфере физической культуры и спорта'),
	(33, 'Основы медицинских знаний'),
	(193, 'Основы медицинских знаний и спортивная медицина'),
	(195, 'Основы научно-методической деятельности в сфере физической культуры и спорта'),
	(222, 'Основы оздоровительной тренировки в легкой атлетике'),
	(237, 'Основы профессионально-педагогического мастерства'),
	(121, 'Основы профессиональной работы в Microsoft Office'),
	(283, 'Основы профессиональной этики тренера'),
	(18, 'Основы российской государственности'),
	(220, 'Основы спортивных единоборств'),
	(251, 'Основы экономики управленческой деятельности спортивной организации'),
	(125, 'Основы экономики физической культуры и спорта'),
	(79, 'Педагогика и психология'),
	(41, 'Педагогика и психология отклоняющегося поведения'),
	(59, 'Педагогика лидерства'),
	(97, 'Педагогика физической культуры'),
	(213, 'Планирование тренировочной работы с квалифицированными спортсменами'),
	(215, 'Подготовка к сдаче норм ГТО'),
	(44, 'Поликультурное образование'),
	(23, 'Правоведение с основами семейного права и прав инвалидов'),
	(189, 'Правовые и экономические основы профессиональной деятельности'),
	(83, 'Правовые основы профессиональной деятельности'),
	(133, 'Предпринимательство в спортивной индустрии'),
	(78, 'Применение в образовательной деятельности проблематики геноцида советского народа в годы Великой Отечественной войны на основе проекта «Без срока давности»'),
	(36, 'Проектирование индивидуального образовательного маршрута'),
	(35, 'Проектирование основных и дополнительных образовательных программ'),
	(126, 'Проектная деятельность в физической культуре и спорте'),
	(244, 'Проектная деятельность в физическом воспитании'),
	(75, 'Производственная практика (научно-исследовательская работа)'),
	(249, 'Производственная практика (научно-педагогическая)'),
	(135, 'Производственная практика (организационная)'),
	(72, 'Производственная практика (педагогическая практика в детских оздоровительных лагерях)'),
	(74, 'Производственная практика (педагогическая)'),
	(76, 'Производственная практика (преддипломная)'),
	(136, 'Производственная практика (профессионально-ориентированная)'),
	(73, 'Производственная практика (технологическая (проектно-технологическая))'),
	(225, 'Производственная практика (тренерская)'),
	(242, 'Пропаганда и связи с общественностью'),
	(287, 'Пропаганда и связи с общественностью в спорте высших достижений'),
	(102, 'Пропаганда и связи с общественностью в сфере физической культуры и спорта'),
	(201, 'Профессионально-спортивное совершенствование'),
	(31, 'Профессиональное самоопределение детей и молодежи (с практикумом)'),
	(64, 'Профилактика интернет-зависимости среди детей и молодежи'),
	(63, 'Профилактика молодежного экстремизма'),
	(158, 'Профилактика негативных социальных явлений'),
	(101, 'Профилактика применения допинга'),
	(61, 'Профилактика социального сиротства'),
	(293, 'Психические состояния в учебно-тренировочной и соревновательной деятельности'),
	(149, 'Психологические аспекты урока физической культуры'),
	(24, 'Психология'),
	(173, 'Психология болезни и инвалидности'),
	(114, 'Психология менеджмента'),
	(164, 'Психология развития'),
	(278, 'Психология семьи ребенка с ограниченными возможностями здоровья'),
	(93, 'Психология физической культуры и спорта'),
	(10, 'Психолого-педагогические аспекты профессионального мастерства преподавателя  ОО ВО'),
	(284, 'Психолого-педагогические основы спортивной подготовки'),
	(247, 'Психолого-педагогические особенности воспитательной среды учреждений среднего профессионального образования и высшего образования'),
	(277, 'Психолого-педагогическое сопровождение в инклюзивном образовании'),
	(292, 'Психолого-педагогическое сопровождение соревновательной деятельности'),
	(273, 'Реабилитация лиц с ограниченными возможностями здоровья и инвалидов в системе коррекционного образования'),
	(184, 'Реабилитация спинальных больных'),
	(128, 'Реклама и медиапланирование в спортивной организации'),
	(250, 'Реферирование и перевод литературных источников на иностранном языке'),
	(17, 'Русский язык и культура речи'),
	(227, 'Самооборона без оружия'),
	(62, 'Семейные формы устройства детей-сирот и детей, оставшихся без попечения родителей'),
	(38, 'Семьеведение'),
	(219, 'Силовой атлетизм'),
	(208, 'Современные двигательные системы'),
	(152, 'Современные дидактические технологии в физической культуре и спорте'),
	(144, 'Современные подходы к воспитанию в системе образования'),
	(261, 'Современные проблемы адаптивной физической культуры и ее видов'),
	(232, 'Современные проблемы науки о физической культуре и спорте'),
	(235, 'Современные технологии физкультурно-оздоровительной деятельности'),
	(217, 'Современные фитнес-технологии'),
	(288, 'Современные экспериментальные методы исследования в физиологии спорта'),
	(67, 'Сопровождение семей с детьми в центре психолого-педагогической помощи населению'),
	(47, 'Сопровождение семей, воспитывающих детей-инвалидов'),
	(248, 'Социализация обучающихся в воспитательной среде учреждений среднего профессионального образования и высшего образования'),
	(160, 'Социальная защита инвалидов'),
	(32, 'Социальная педагогика'),
	(50, 'Социальная экология'),
	(30, 'Социально-педагогическое проектирование'),
	(43, 'Социально-психологическая диагностика и коррекция стиля семейного воспитания'),
	(55, 'Социально-психологическая и трудовая реабилитация несовершеннолетних'),
	(48, 'Социальный менеджмент'),
	(267, 'Социокультурные аспекты адаптивной физической культуры'),
	(89, 'Социология физической культуры'),
	(159, 'Специальная педагогика'),
	(34, 'Специальная педагогика и психология'),
	(170, 'Специальная психология'),
	(263, 'Специальная психология в адаптивной физической культуре'),
	(204, 'Спортивная биохимия'),
	(139, 'Спортивная медицина'),
	(107, 'Спортивная метрология'),
	(203, 'Спортивная морфология'),
	(290, 'Спортивная фармакология и антидопинговый контроль'),
	(196, 'Спортивная физиология'),
	(147, 'Спортивно-оздоровительный мониторинг'),
	(245, 'Спортивно-оздоровительный туризм'),
	(100, 'Спортивные сооружения'),
	(113, 'Стратегический менеджмент в спортивных организациях'),
	(254, 'Стратегическое управление в спортивной организации'),
	(51, 'Тайм-менеджмент'),
	(120, 'Телекоммуникационные технологии в спорте'),
	(15, 'Теоретические и методические аспекты оздоровительной и адаптивной физической культуры'),
	(8, 'Теоретические и прикладные аспекты подготовки спортсменов'),
	(81, 'Теория и методика избранного вида спорта'),
	(206, 'Теория и методика подготовки специалистов по спортивно-массовым видам гимнастики'),
	(104, 'Теория и методика управления спортивными организациями различных форм собственности'),
	(94, 'Теория и методика физической культуры'),
	(162, 'Теория и организация адаптивной физической культуры'),
	(65, 'Теория и практика тьюторского сопровождения'),
	(199, 'Теория спорта'),
	(260, 'Технологии научных исследований в адаптивной физической культуре'),
	(26, 'Технологии по связям с общественностью'),
	(56, 'Технологии социально-педагогической и социокультурной реабилитации'),
	(66, 'Технологии социальной инклюзии детей-инвалидов'),
	(200, 'Технологии спортивной тренировки в избранном виде спорта'),
	(57, 'Технологии творчества в работе с детьми с ограниченными возможностями здоровья'),
	(265, 'Технологии физкультурно-оздоровительной деятельности в адаптивной физической культуре'),
	(14, 'Технологии физкультурно-оздоровительной деятельности в сфере адаптивной физической культуры'),
	(169, 'Технологии физкультурно-спортивной деятельности'),
	(280, 'Технология научных исследований в спорте высших достижений'),
	(233, 'Технология научных исследований в физической культуре'),
	(285, 'Технология построения и управления подготовкой спортсменов в избранном виде спорта'),
	(192, 'ТиМОБВС: баскетбол'),
	(191, 'ТиМОБВС: волейбол'),
	(84, 'ТиМОБВС: гимнастика'),
	(85, 'ТиМОБВС: легкая атлетика'),
	(86, 'ТиМОБВС: плавание'),
	(190, 'ТиМОБВС: подвижные игры'),
	(87, 'ТиМОБВС: спортивные и подвижные игры'),
	(88, 'ТиМОБВС: футбол'),
	(27, 'Тренинг коммуникативной компетентности'),
	(124, 'Управление конфликтными ситуациями'),
	(115, 'Управление кризисными ситуациями в организациях сферы физической культуры и спорта'),
	(110, 'Управление персоналом'),
	(129, 'Управление спортивными клубами'),
	(253, 'Управление человеческими ресурсами в сфере физической культуры и спорта'),
	(282, 'Управленческая деятельность в спорте (в том числе управление проектами)'),
	(234, 'Управленческая деятельность в физической культуре и спорте (в том числе управление проектами)'),
	(70, 'Учебная практика (научно-исследовательская работа (получение первичных навыков научно-исследовательской работы))'),
	(69, 'Учебная практика (ознакомительная)'),
	(223, 'Учебная практика (педагогическая)'),
	(71, 'Учебная практика (технологическая (проектно-технологическая))'),
	(224, 'Учебная практика (тренерская)'),
	(241, 'Физиологические основы физкультурно-оздоровительных занятий и массового спорта'),
	(286, 'Физиологические основы функциональной подготовки спортсменов'),
	(141, 'Физиология мышечной деятельности'),
	(92, 'Физиология человека'),
	(20, 'Физическая культура'),
	(188, 'Физическая культура и спорт'),
	(155, 'Физическая культура лиц старшего и пожилого возраста'),
	(268, 'Физическая культура обучающихся специальных медицинских групп в СПО и ВО'),
	(269, 'Физическая культура по адаптированным программам в общеобразовательных организациях'),
	(172, 'Физическая реабилитация'),
	(150, 'Физическая рекреация'),
	(239, 'Физическое воспитание в образовательных организациях высшего образования'),
	(145, 'Физическое воспитание в образовательных организациях среднего профессионального образования'),
	(138, 'Физкультурно-оздоровительные технологии'),
	(29, 'Философия'),
	(231, 'Философские и социальные проблемы физической культуры'),
	(109, 'Финансово-хозяйственная деятельность спортивных организаций'),
	(171, 'Частная патология'),
	(168, 'Частные методики адаптивной физической культуры'),
	(58, 'Элективные дисциплины по физической культуре и спорту'),
	(117, 'Элективные курсы по физической культуре и спорту'),
	(226, 'Электронная информационно- образовательная среда вуза');

-- Дамп структуры для таблица corusant.educational_forms
CREATE TABLE IF NOT EXISTS `educational_forms` (
  `id` int NOT NULL AUTO_INCREMENT,
  `name` varchar(10) CHARACTER SET utf8mb4 COLLATE utf8mb4_0900_ai_ci NOT NULL,
  PRIMARY KEY (`id`) USING BTREE
) ENGINE=InnoDB AUTO_INCREMENT=3 DEFAULT CHARSET=utf8mb4 COLLATE=utf8mb4_0900_ai_ci;

-- Дамп данных таблицы corusant.educational_forms: ~2 rows (приблизительно)
INSERT INTO `educational_forms` (`id`, `name`) VALUES
	(1, 'Очная'),
	(2, 'Заочная');

-- Дамп структуры для таблица corusant.educational_work
CREATE TABLE IF NOT EXISTS `educational_work` (
  `id` int NOT NULL AUTO_INCREMENT,
  `teacher_plan_id` int DEFAULT NULL,
  `discipline_id` int DEFAULT NULL,
  `work_form_id` int DEFAULT NULL,
  `course_id` int DEFAULT NULL,
  `comments` text,
  `group_count` int DEFAULT NULL,
  `order_place` int DEFAULT NULL,
  PRIMARY KEY (`id`),
  KEY `FK_educational_work_discipline` (`discipline_id`),
  KEY `FK_educational_work_work_form` (`work_form_id`),
  KEY `FK_educational_work_teacher_plan` (`teacher_plan_id`),
  KEY `FK_educational_work_group` (`course_id`) USING BTREE,
  CONSTRAINT `FK_educational_work_discipline` FOREIGN KEY (`discipline_id`) REFERENCES `discipline` (`id`) ON DELETE CASCADE ON UPDATE CASCADE,
  CONSTRAINT `FK_educational_work_group` FOREIGN KEY (`course_id`) REFERENCES `course` (`id`) ON DELETE CASCADE ON UPDATE CASCADE,
  CONSTRAINT `FK_educational_work_teacher_plan` FOREIGN KEY (`teacher_plan_id`) REFERENCES `teacher_plan` (`id`) ON DELETE CASCADE ON UPDATE CASCADE,
  CONSTRAINT `FK_educational_work_work_form` FOREIGN KEY (`work_form_id`) REFERENCES `educational_work_form` (`id`) ON DELETE CASCADE ON UPDATE CASCADE
) ENGINE=InnoDB AUTO_INCREMENT=534 DEFAULT CHARSET=utf8mb4 COLLATE=utf8mb4_0900_ai_ci;

-- Дамп данных таблицы corusant.educational_work: ~101 rows (приблизительно)
INSERT INTO `educational_work` (`id`, `teacher_plan_id`, `discipline_id`, `work_form_id`, `course_id`, `comments`, `group_count`, `order_place`) VALUES
	(118, 94, 81, 3, 6, NULL, 1, 1),
	(121, 94, 81, 7, 6, NULL, 1, 2),
	(124, 94, 81, 8, 6, NULL, 1, 3),
	(127, 94, 81, 9, 6, NULL, 1, 4),
	(130, 94, 81, 10, 6, NULL, 1, 5),
	(134, 94, 201, 3, 6, NULL, 1, 6),
	(137, 94, 201, 8, 6, NULL, 1, 7),
	(140, 94, 200, 2, 14, NULL, 1, 8),
	(143, 94, 200, 3, 14, NULL, 1, 9),
	(149, 94, 200, 7, 14, NULL, 1, 10),
	(152, 94, 200, 8, 14, NULL, 1, 11),
	(155, 94, 200, 9, 14, NULL, 1, 12),
	(158, 94, 200, 10, 14, NULL, 1, 13),
	(161, 94, 200, 4, 14, NULL, 1, 14),
	(164, 94, 200, 11, 14, NULL, 1, 15),
	(185, 96, 35, 2, 17, NULL, 1, 1),
	(188, 96, 35, 3, 17, NULL, 1, 2),
	(191, 96, 35, 7, 17, NULL, 1, 3),
	(194, 96, 35, 9, 17, NULL, 1, 4),
	(197, 96, 35, 10, 17, NULL, 1, 5),
	(200, 96, 35, 2, 44, NULL, 1, 6),
	(203, 96, 35, 3, 44, NULL, 1, 7),
	(206, 96, 35, 7, 44, NULL, 1, 8),
	(208, 96, 35, 9, 44, NULL, 1, 9),
	(211, 96, 35, 10, 44, NULL, 1, 10),
	(214, 96, 73, 11, 20, NULL, 1, 11),
	(217, 96, 75, 11, 20, NULL, 1, 12),
	(220, 96, 73, 11, 18, NULL, 1, 13),
	(223, 96, 44, 2, 46, NULL, 1, 14),
	(226, 96, 44, 3, 46, NULL, 1, 15),
	(231, 96, 44, 7, 46, NULL, 1, 16),
	(232, 96, 44, 8, 46, NULL, 1, 17),
	(235, 96, 44, 10, 46, NULL, 1, 18),
	(239, 96, 49, 2, 43, NULL, 1, 19),
	(243, 94, 81, 13, 6, NULL, 1, 16),
	(244, 96, 49, 7, 43, NULL, 1, 20),
	(249, 96, 49, 9, 43, NULL, 1, 21),
	(253, 94, 84, 3, 11, NULL, 1, 17),
	(254, 96, 49, 10, 43, NULL, 1, 22),
	(257, 94, 84, 7, 11, NULL, 1, 18),
	(260, 94, 84, 9, 11, NULL, 1, 19),
	(263, 96, 54, 2, 45, NULL, 1, 23),
	(269, 96, 54, 7, 45, NULL, 1, 24),
	(272, 94, 84, 10, 11, NULL, 1, 20),
	(274, 96, 54, 9, 45, NULL, 1, 25),
	(275, 96, 54, 10, 45, NULL, 1, 26),
	(277, 94, 84, 3, 1, NULL, 1, 21),
	(279, 94, 84, 7, 1, NULL, 1, 22),
	(283, 94, 84, 9, 1, NULL, 1, 23),
	(284, 96, 40, 2, 46, NULL, 1, 27),
	(287, 96, 40, 7, 46, NULL, 1, 28),
	(291, 94, 84, 10, 1, NULL, 1, 24),
	(292, 96, 40, 8, 46, NULL, 1, 29),
	(295, 96, 40, 10, 46, NULL, 1, 30),
	(298, 94, 84, 2, 6, NULL, 1, 25),
	(301, 94, 84, 3, 6, NULL, 1, 26),
	(304, 96, 40, 2, 20, NULL, 1, 31),
	(308, 96, 40, 7, 20, NULL, 1, 32),
	(310, 94, 84, 7, 6, NULL, 1, 27),
	(314, 96, 40, 9, 20, NULL, 1, 33),
	(319, 94, 84, 9, 6, NULL, 1, 28),
	(320, 96, 40, 10, 20, NULL, 1, 34),
	(323, 94, 84, 10, 6, NULL, 1, 29),
	(326, 94, 285, 2, 24, NULL, 1, 30),
	(329, 94, 285, 3, 24, NULL, 1, 31),
	(332, 94, 285, 7, 24, NULL, 1, 32),
	(337, 94, 285, 8, 24, NULL, 1, 33),
	(338, 94, 285, 9, 24, NULL, 1, 34),
	(341, 94, 285, 10, 24, NULL, 1, 35),
	(344, 94, 285, 5, 24, NULL, 1, 36),
	(347, 94, 206, 3, 14, NULL, 1, 37),
	(351, 94, 206, 7, 14, NULL, 1, 38),
	(354, 94, 206, 8, 14, NULL, 1, 39),
	(357, 94, 206, 10, 14, NULL, 1, 40),
	(360, 94, 200, 7, 14, NULL, 1, 41),
	(363, 97, 52, 2, 17, NULL, 1, 1),
	(366, 97, 52, 3, 17, NULL, 1, 2),
	(369, 97, 52, 10, 17, NULL, 1, 3),
	(372, 97, 52, 7, 17, NULL, 1, 4),
	(375, 97, 52, 9, 17, NULL, 1, 5),
	(378, 97, 37, 2, 17, NULL, 1, 6),
	(381, 97, 37, 3, 17, NULL, 1, 7),
	(384, 97, 37, 10, 17, NULL, 1, 8),
	(387, 97, 37, 7, 17, NULL, 1, 9),
	(390, 97, 37, 8, 17, NULL, 1, 10),
	(485, 97, 52, 2, 18, NULL, 1, 11),
	(488, 97, 52, 3, 18, NULL, 1, 12),
	(491, 97, 52, 10, 18, NULL, 1, 13),
	(493, 97, 52, 7, 18, NULL, 1, 14),
	(496, 97, 52, 9, 18, NULL, 1, 15),
	(499, 97, 37, 2, 18, NULL, 1, 16),
	(502, 97, 37, 3, 18, NULL, 1, 17),
	(505, 97, 37, 10, 18, NULL, 1, 18),
	(508, 97, 37, 7, 18, NULL, 1, 19),
	(511, 97, 37, 8, 18, NULL, 1, 20),
	(514, 97, 72, 11, 17, NULL, 1, 21),
	(518, 96, 75, 11, 20, NULL, NULL, 35),
	(521, 96, 43, 4, 18, NULL, NULL, 36),
	(524, 96, 43, 4, 45, NULL, NULL, 37),
	(527, 96, 70, 11, 44, NULL, NULL, 38);

-- Дамп структуры для таблица corusant.educational_work_form
CREATE TABLE IF NOT EXISTS `educational_work_form` (
  `id` int NOT NULL AUTO_INCREMENT,
  `name` varchar(255) CHARACTER SET utf8mb4 COLLATE utf8mb4_0900_ai_ci NOT NULL,
  PRIMARY KEY (`id`)
) ENGINE=InnoDB AUTO_INCREMENT=16 DEFAULT CHARSET=utf8mb4 COLLATE=utf8mb4_0900_ai_ci;

-- Дамп данных таблицы corusant.educational_work_form: ~14 rows (приблизительно)
INSERT INTO `educational_work_form` (`id`, `name`) VALUES
	(2, 'Лекции'),
	(3, 'Сем./практ.'),
	(4, 'Рук. КР и ВКР(б)'),
	(5, 'Рук. ВКР(м)'),
	(6, 'Рук. ВКР(аспир)'),
	(7, 'Конс. перед аттест.'),
	(8, 'Зачет'),
	(9, 'Экзамен'),
	(10, 'Конс. по дисц.'),
	(11, 'Практика'),
	(12, 'Рецензир.'),
	(13, 'ГЭК'),
	(14, 'Вступ. испыт.'),
	(15, 'Руков. кафедрой');

-- Дамп структуры для таблица corusant.educational_work_hours
CREATE TABLE IF NOT EXISTS `educational_work_hours` (
  `id` int NOT NULL AUTO_INCREMENT,
  `week` int DEFAULT NULL,
  `value` int DEFAULT NULL,
  `type` int DEFAULT NULL,
  `plan_work_id` int DEFAULT NULL,
  PRIMARY KEY (`id`),
  KEY `FK_educational_work_hours_educational_work` (`plan_work_id`),
  CONSTRAINT `FK_educational_work_hours_educational_work` FOREIGN KEY (`plan_work_id`) REFERENCES `educational_work` (`id`) ON DELETE CASCADE ON UPDATE CASCADE
) ENGINE=InnoDB AUTO_INCREMENT=1646 DEFAULT CHARSET=utf8mb4 COLLATE=utf8mb4_0900_ai_ci;

-- Дамп данных таблицы corusant.educational_work_hours: ~493 rows (приблизительно)
INSERT INTO `educational_work_hours` (`id`, `week`, `value`, `type`, `plan_work_id`) VALUES
	(854, 1, 4, 1, 118),
	(855, 2, 4, 1, 118),
	(856, 3, 4, 1, 118),
	(857, 4, 4, 1, 118),
	(858, 5, 4, 1, 118),
	(859, 6, 4, 1, 118),
	(860, 7, 4, 1, 118),
	(861, 8, 4, 1, 118),
	(862, 9, 4, 1, 118),
	(863, 10, 4, 1, 118),
	(864, 11, 2, 1, 118),
	(865, 12, 2, 1, 118),
	(866, 13, 2, 1, 118),
	(867, 14, 2, 1, 118),
	(868, 15, 2, 1, 118),
	(869, 22, 4, 1, 118),
	(870, 23, 4, 1, 118),
	(871, 24, 4, 1, 118),
	(872, 25, 4, 1, 118),
	(873, 26, 4, 1, 118),
	(874, 27, 4, 1, 118),
	(875, 28, 4, 1, 118),
	(876, 29, 4, 1, 118),
	(877, 30, 4, 1, 118),
	(878, 31, 4, 1, 118),
	(879, 32, 4, 1, 118),
	(880, 33, 4, 1, 118),
	(881, 34, 4, 1, 118),
	(882, 35, 4, 1, 118),
	(883, 36, 4, 1, 118),
	(884, 37, 4, 1, 118),
	(885, 38, 4, 1, 118),
	(886, 39, 4, 1, 118),
	(887, 40, 4, 1, 118),
	(888, 41, 4, 1, 118),
	(1015, 2, 2, 1, 143),
	(1016, 3, 2, 1, 143),
	(1017, 4, 2, 1, 143),
	(1018, 11, 4, 1, 143),
	(1019, 12, 4, 1, 143),
	(1020, 13, 4, 1, 143),
	(1021, 14, 6, 1, 143),
	(1022, 15, 4, 1, 143),
	(1023, 21, 4, 1, 143),
	(1024, 22, 4, 1, 143),
	(1025, 23, 4, 1, 143),
	(1026, 24, 4, 1, 143),
	(1027, 25, 4, 1, 143),
	(1028, 26, 4, 1, 143),
	(1029, 27, 4, 1, 143),
	(1030, 28, 4, 1, 143),
	(1031, 29, 4, 1, 143),
	(1032, 30, 4, 1, 143),
	(1035, 5, 1, 1, 164),
	(1036, 5, 16, 1, 164),
	(1037, 6, 1, 1, 164),
	(1038, 6, 16, 1, 164),
	(1039, 7, 1, 1, 164),
	(1040, 7, 16, 1, 164),
	(1041, 8, 1, 1, 164),
	(1042, 8, 16, 1, 164),
	(1043, 9, 1, 1, 164),
	(1044, 9, 16, 1, 164),
	(1045, 10, 1, 1, 164),
	(1046, 10, 16, 1, 164),
	(1047, 15, 4, 1, 161),
	(1048, 30, 4, 1, 161),
	(1049, 1, 0, 1, 158),
	(1050, 2, 0, 1, 158),
	(1051, 3, 0, 1, 158),
	(1052, 4, 2, 1, 158),
	(1053, 11, 2, 1, 158),
	(1054, 12, 0, 1, 158),
	(1055, 13, 0, 1, 158),
	(1056, 21, 2, 1, 158),
	(1057, 22, 0, 1, 158),
	(1058, 23, 0, 1, 158),
	(1059, 24, 0, 1, 158),
	(1060, 25, 0, 1, 158),
	(1061, 26, 0, 1, 158),
	(1062, 27, 2, 1, 158),
	(1063, 28, 0, 1, 158),
	(1064, 29, 0, 1, 158),
	(1065, 30, 0, 1, 158),
	(1066, 1, 0, 1, 155),
	(1067, 3, 0, 1, 155),
	(1068, 23, 0, 1, 155),
	(1069, 27, 0, 1, 155),
	(1070, 31, 0, 1, 152),
	(1071, 16, 0, 1, 149),
	(1072, 2, 6, 1, 137),
	(1073, 2, 0, 1, 137),
	(1155, 1, 0, 1, 185),
	(1156, 22, 2, 1, 185),
	(1157, 34, 2, 1, 185),
	(1158, 23, 2, 1, 185),
	(1159, 24, 2, 1, 185),
	(1160, 25, 2, 1, 185),
	(1161, 26, 2, 1, 185),
	(1162, 27, 2, 1, 185),
	(1163, 28, 2, 1, 185),
	(1164, 29, 2, 1, 185),
	(1165, 30, 2, 1, 185),
	(1166, 31, 2, 1, 185),
	(1167, 32, 2, 1, 185),
	(1168, 33, 2, 1, 185),
	(1169, 16, 2, 1, 121),
	(1170, 42, 2, 1, 121),
	(1171, 23, 2, 1, 188),
	(1172, 38, 2, 1, 188),
	(1173, 24, 2, 1, 188),
	(1174, 25, 2, 1, 188),
	(1175, 26, 2, 1, 188),
	(1176, 27, 2, 1, 188),
	(1177, 28, 2, 1, 188),
	(1178, 29, 2, 1, 188),
	(1179, 30, 2, 1, 188),
	(1180, 31, 2, 1, 188),
	(1181, 32, 2, 1, 188),
	(1182, 33, 2, 1, 188),
	(1183, 34, 2, 1, 188),
	(1184, 35, 2, 1, 188),
	(1185, 36, 2, 1, 188),
	(1186, 37, 2, 1, 188),
	(1187, 17, 2, 1, 124),
	(1188, 39, 2, 1, 191),
	(1189, 43, 4, 1, 127),
	(1190, 39, 2, 1, 194),
	(1191, 40, 2, 1, 194),
	(1192, 1, 2, 1, 130),
	(1193, 5, 2, 1, 130),
	(1194, 22, 2, 1, 130),
	(1195, 31, 2, 1, 130),
	(1196, 23, 2, 1, 130),
	(1197, 22, 0, 1, 130),
	(1198, 29, 2, 1, 197),
	(1199, 37, 2, 1, 197),
	(1200, 1, 2, 1, 134),
	(1201, 2, 2, 1, 134),
	(1202, 3, 2, 1, 134),
	(1203, 4, 2, 1, 134),
	(1204, 5, 2, 1, 134),
	(1205, 6, 2, 1, 134),
	(1206, 7, 2, 1, 134),
	(1207, 8, 2, 1, 134),
	(1208, 9, 2, 1, 134),
	(1209, 10, 2, 1, 134),
	(1210, 11, 4, 1, 134),
	(1211, 12, 4, 1, 134),
	(1212, 13, 4, 1, 134),
	(1213, 14, 4, 1, 134),
	(1214, 15, 4, 1, 134),
	(1215, 16, 4, 1, 134),
	(1216, 17, 2, 1, 134),
	(1217, 4, 2, 1, 200),
	(1218, 23, 2, 1, 134),
	(1219, 24, 2, 1, 134),
	(1220, 25, 2, 1, 134),
	(1221, 26, 2, 1, 134),
	(1222, 27, 2, 1, 134),
	(1223, 28, 2, 1, 134),
	(1224, 29, 2, 1, 134),
	(1225, 30, 2, 1, 134),
	(1226, 31, 2, 1, 134),
	(1227, 32, 2, 1, 134),
	(1228, 5, 4, 1, 200),
	(1229, 33, 2, 1, 134),
	(1230, 6, 4, 1, 200),
	(1231, 34, 2, 1, 134),
	(1232, 35, 2, 1, 134),
	(1233, 36, 2, 1, 134),
	(1234, 37, 2, 1, 134),
	(1235, 38, 2, 1, 134),
	(1236, 39, 2, 1, 134),
	(1237, 40, 2, 1, 134),
	(1238, 28, 2, 1, 203),
	(1239, 29, 2, 1, 203),
	(1240, 30, 4, 1, 203),
	(1241, 17, 2, 1, 137),
	(1242, 42, 2, 1, 137),
	(1243, 29, 2, 1, 206),
	(1244, 30, 4, 1, 208),
	(1245, 1, 2, 1, 140),
	(1246, 2, 2, 1, 140),
	(1247, 3, 2, 1, 140),
	(1248, 4, 2, 1, 140),
	(1249, 28, 4, 1, 211),
	(1250, 11, 2, 1, 140),
	(1251, 12, 2, 1, 140),
	(1252, 13, 2, 1, 140),
	(1253, 21, 2, 1, 140),
	(1254, 22, 2, 1, 140),
	(1255, 23, 2, 1, 140),
	(1256, 24, 2, 1, 140),
	(1257, 25, 2, 1, 140),
	(1258, 26, 2, 1, 140),
	(1259, 27, 2, 1, 140),
	(1260, 28, 2, 1, 140),
	(1261, 29, 2, 1, 140),
	(1262, 30, 2, 1, 140),
	(1263, 15, 2, 1, 149),
	(1264, 30, 2, 1, 149),
	(1265, 16, 2, 1, 152),
	(1266, 6, 1, 1, 214),
	(1267, 6, 12, 1, 214),
	(1268, 31, 4, 1, 155),
	(1269, 14, 2, 1, 158),
	(1270, 14, 0, 1, 158),
	(1271, 33, 8, 1, 217),
	(1272, 33, 80, 1, 217),
	(1273, 1, 2, 1, 161),
	(1274, 1, 0, 1, 161),
	(1275, 1, 4, 1, 161),
	(1276, 3, 4, 1, 161),
	(1277, 5, 4, 1, 161),
	(1278, 7, 4, 1, 161),
	(1279, 9, 4, 1, 161),
	(1280, 11, 4, 1, 161),
	(1281, 13, 4, 1, 161),
	(1282, 16, 4, 1, 161),
	(1283, 14, 4, 1, 161),
	(1284, 21, 4, 1, 161),
	(1285, 22, 4, 1, 161),
	(1286, 23, 4, 1, 161),
	(1287, 24, 4, 1, 161),
	(1288, 25, 4, 1, 161),
	(1289, 26, 4, 1, 161),
	(1290, 27, 4, 1, 161),
	(1291, 28, 4, 1, 161),
	(1292, 29, 4, 1, 161),
	(1293, 17, 2, 1, 220),
	(1294, 17, 24, 1, 220),
	(1303, 40, 0, 1, 164),
	(1304, 41, 0, 1, 164),
	(1305, 31, 2, 1, 223),
	(1306, 32, 2, 1, 223),
	(1307, 33, 2, 1, 223),
	(1308, 34, 2, 1, 223),
	(1309, 34, 0, 1, 226),
	(1310, 34, 2, 1, 231),
	(1311, 34, 2, 1, 232),
	(1312, 32, 2, 1, 235),
	(1313, 33, 2, 1, 235),
	(1314, 44, 1, 1, 243),
	(1315, 44, 18, 1, 243),
	(1316, 1, 2, 1, 253),
	(1317, 2, 2, 1, 253),
	(1318, 3, 2, 1, 253),
	(1319, 4, 2, 1, 253),
	(1320, 5, 2, 1, 253),
	(1321, 6, 2, 1, 253),
	(1322, 7, 2, 1, 253),
	(1323, 8, 2, 1, 253),
	(1324, 9, 2, 1, 253),
	(1325, 10, 4, 1, 253),
	(1326, 11, 4, 1, 253),
	(1327, 12, 4, 1, 253),
	(1328, 13, 4, 1, 253),
	(1329, 14, 4, 1, 253),
	(1330, 15, 4, 1, 253),
	(1331, 16, 4, 1, 253),
	(1332, 17, 4, 1, 253),
	(1333, 7, 2, 1, 239),
	(1334, 7, 22, 1, 239),
	(1335, 7, 2, 1, 239),
	(1336, 7, 22, 1, 239),
	(1337, 7, 2, 1, 239),
	(1338, 8, 2, 1, 239),
	(1339, 9, 2, 1, 239),
	(1340, 37, 2, 1, 239),
	(1341, 39, 2, 1, 244),
	(1342, 39, 4, 1, 249),
	(1343, 39, 4, 1, 254),
	(1344, 4, 2, 1, 257),
	(1345, 9, 2, 1, 257),
	(1346, 19, 8, 1, 260),
	(1347, 4, 0, 1, 257),
	(1348, 9, 0, 1, 257),
	(1349, 18, 4, 1, 257),
	(1350, 2, 2, 1, 272),
	(1351, 4, 2, 1, 272),
	(1352, 8, 2, 1, 272),
	(1353, 13, 2, 1, 272),
	(1354, 11, 2, 1, 263),
	(1355, 14, 2, 1, 263),
	(1356, 12, 2, 1, 263),
	(1357, 13, 4, 1, 263),
	(1358, 1, 2, 1, 277),
	(1359, 2, 2, 1, 277),
	(1360, 3, 2, 1, 277),
	(1361, 4, 2, 1, 277),
	(1362, 5, 2, 1, 277),
	(1363, 6, 2, 1, 277),
	(1364, 7, 2, 1, 277),
	(1365, 8, 2, 1, 277),
	(1366, 9, 2, 1, 277),
	(1367, 36, 2, 1, 263),
	(1368, 10, 4, 1, 277),
	(1369, 11, 4, 1, 277),
	(1370, 37, 2, 1, 263),
	(1371, 12, 4, 1, 277),
	(1372, 13, 4, 1, 277),
	(1373, 14, 4, 1, 277),
	(1374, 15, 4, 1, 277),
	(1375, 16, 4, 1, 277),
	(1376, 17, 4, 1, 277),
	(1377, 39, 2, 1, 269),
	(1378, 39, 4, 1, 274),
	(1379, 39, 4, 1, 275),
	(1380, 18, 2, 1, 279),
	(1381, 19, 4, 1, 283),
	(1382, 2, 2, 1, 291),
	(1383, 4, 2, 1, 291),
	(1384, 2, 0, 1, 291),
	(1385, 12, 2, 1, 291),
	(1386, 31, 8, 1, 284),
	(1387, 22, 2, 1, 298),
	(1388, 23, 2, 1, 298),
	(1389, 24, 2, 1, 298),
	(1390, 25, 2, 1, 298),
	(1391, 26, 2, 1, 298),
	(1392, 34, 2, 1, 284),
	(1393, 33, 2, 1, 284),
	(1394, 32, 2, 1, 284),
	(1395, 31, 2, 1, 284),
	(1396, 34, 2, 1, 287),
	(1397, 34, 2, 1, 292),
	(1398, 34, 4, 1, 295),
	(1399, 23, 2, 1, 301),
	(1400, 24, 2, 1, 301),
	(1401, 25, 2, 1, 301),
	(1402, 26, 2, 1, 301),
	(1403, 27, 2, 1, 301),
	(1404, 28, 2, 1, 301),
	(1405, 29, 2, 1, 301),
	(1406, 30, 2, 1, 301),
	(1407, 31, 4, 1, 301),
	(1408, 32, 4, 1, 301),
	(1409, 33, 4, 1, 301),
	(1410, 34, 4, 1, 301),
	(1411, 35, 4, 1, 301),
	(1412, 36, 4, 1, 301),
	(1413, 37, 4, 1, 301),
	(1414, 38, 4, 1, 301),
	(1415, 42, 6, 1, 310),
	(1416, 43, 8, 1, 319),
	(1417, 23, 2, 1, 323),
	(1418, 29, 2, 1, 323),
	(1419, 34, 2, 1, 323),
	(1420, 7, 2, 1, 326),
	(1421, 8, 2, 1, 326),
	(1422, 28, 2, 1, 326),
	(1423, 29, 2, 1, 326),
	(1424, 3, 2, 1, 304),
	(1425, 7, 2, 1, 329),
	(1426, 8, 4, 1, 329),
	(1427, 4, 2, 1, 304),
	(1428, 9, 4, 1, 329),
	(1429, 5, 2, 1, 304),
	(1430, 6, 2, 1, 304),
	(1431, 28, 8, 1, 329),
	(1432, 29, 8, 1, 329),
	(1433, 29, 86, 1, 329),
	(1434, 29, 8, 1, 329),
	(1435, 30, 6, 1, 329),
	(1436, 4, 4, 1, 304),
	(1437, 5, 4, 1, 304),
	(1438, 6, 4, 1, 304),
	(1439, 9, 2, 1, 332),
	(1440, 33, 2, 1, 308),
	(1441, 33, 4, 1, 314),
	(1442, 33, 4, 1, 320),
	(1444, 30, 4, 1, 338),
	(1445, 7, 2, 1, 341),
	(1446, 29, 2, 1, 338),
	(1447, 29, 0, 1, 338),
	(1448, 29, 2, 1, 341),
	(1449, 2, 2, 1, 344),
	(1450, 4, 2, 1, 344),
	(1451, 12, 2, 1, 344),
	(1452, 25, 2, 1, 344),
	(1453, 30, 2, 1, 344),
	(1454, 6, 4, 1, 347),
	(1455, 7, 4, 1, 347),
	(1456, 8, 4, 1, 347),
	(1457, 8, 2, 1, 351),
	(1458, 8, 2, 1, 354),
	(1459, 6, 2, 1, 357),
	(1460, 7, 2, 1, 357),
	(1461, 7, 0, 1, 357),
	(1462, 9, 2, 1, 357),
	(1463, 8, 0, 1, 354),
	(1464, 6, 2, 1, 354),
	(1465, 6, 0, 1, 354),
	(1466, 10, 2, 1, 354),
	(1467, 40, 6, 1, 360),
	(1468, 10, 2, 1, 337),
	(1542, 22, 2, 1, 363),
	(1543, 34, 2, 1, 363),
	(1544, 23, 2, 1, 366),
	(1545, 38, 2, 1, 366),
	(1546, 23, 2, 1, 363),
	(1547, 24, 2, 1, 363),
	(1548, 25, 2, 1, 363),
	(1549, 26, 2, 1, 363),
	(1550, 27, 2, 1, 363),
	(1551, 28, 2, 1, 363),
	(1552, 29, 2, 1, 363),
	(1553, 30, 2, 1, 363),
	(1554, 31, 2, 1, 363),
	(1555, 32, 2, 1, 363),
	(1556, 33, 2, 1, 363),
	(1557, 24, 2, 1, 366),
	(1558, 25, 2, 1, 366),
	(1559, 26, 2, 1, 366),
	(1560, 27, 2, 1, 366),
	(1561, 28, 2, 1, 366),
	(1562, 29, 2, 1, 366),
	(1563, 30, 2, 1, 366),
	(1564, 31, 2, 1, 366),
	(1565, 32, 2, 1, 366),
	(1566, 33, 2, 1, 366),
	(1567, 34, 2, 1, 366),
	(1568, 35, 2, 1, 366),
	(1569, 37, 2, 1, 366),
	(1570, 36, 2, 1, 366),
	(1571, 30, 2, 1, 369),
	(1572, 37, 2, 1, 369),
	(1573, 38, 2, 1, 372),
	(1574, 39, 4, 1, 375),
	(1575, 22, 2, 1, 378),
	(1576, 29, 2, 1, 378),
	(1577, 23, 2, 1, 381),
	(1578, 34, 2, 1, 381),
	(1579, 23, 2, 1, 378),
	(1580, 24, 2, 1, 378),
	(1581, 25, 2, 1, 378),
	(1582, 26, 2, 1, 378),
	(1583, 27, 2, 1, 378),
	(1584, 28, 2, 1, 378),
	(1585, 24, 2, 1, 381),
	(1586, 25, 2, 1, 381),
	(1587, 26, 2, 1, 381),
	(1588, 27, 2, 1, 381),
	(1589, 28, 2, 1, 381),
	(1590, 29, 2, 1, 381),
	(1591, 30, 2, 1, 381),
	(1592, 31, 2, 1, 381),
	(1593, 32, 2, 1, 381),
	(1594, 33, 2, 1, 381),
	(1595, 35, 2, 1, 384),
	(1596, 38, 2, 1, 390),
	(1597, 37, 2, 1, 387),
	(1598, 31, 2, 1, 384),
	(1599, 11, 4, 1, 485),
	(1600, 12, 4, 1, 485),
	(1601, 13, 2, 1, 485),
	(1602, 14, 2, 1, 488),
	(1603, 13, 2, 1, 488),
	(1604, 12, 2, 1, 488),
	(1605, 14, 2, 1, 491),
	(1606, 36, 2, 1, 491),
	(1607, 38, 2, 1, 493),
	(1608, 39, 4, 1, 496),
	(1609, 36, 4, 1, 499),
	(1610, 37, 2, 1, 499),
	(1611, 39, 2, 1, 511),
	(1612, 36, 2, 1, 502),
	(1613, 37, 2, 1, 502),
	(1614, 38, 2, 1, 502),
	(1615, 38, 2, 1, 505),
	(1616, 37, 2, 1, 505),
	(1617, 39, 2, 1, 508),
	(1618, 41, 8, 1, 514),
	(1619, 42, 8, 1, 514),
	(1620, 43, 8, 1, 514),
	(1621, 44, 8, 1, 514),
	(1622, 36, 4, 1, 488),
	(1623, 37, 2, 1, 488),
	(1624, 38, 2, 1, 488),
	(1625, 39, 2, 1, 488),
	(1628, 33, 2, 1, 518),
	(1629, 33, 25, 1, 518),
	(1630, 39, 2, 1, 521),
	(1631, 39, 27, 1, 521),
	(1632, 39, 2, 1, 524),
	(1633, 39, 27, 1, 524),
	(1634, 5, 2, 1, 527),
	(1635, 5, 24, 1, 527),
	(1636, 31, 2, 1, 226),
	(1637, 32, 2, 1, 226),
	(1638, 33, 2, 1, 226);

-- Дамп структуры для таблица corusant.educational_years
CREATE TABLE IF NOT EXISTS `educational_years` (
  `id` int NOT NULL AUTO_INCREMENT,
  `begin_year` varchar(255) NOT NULL,
  `end_year` varchar(255) NOT NULL,
  PRIMARY KEY (`id`),
  UNIQUE KEY `educationalyears_begin_year` (`begin_year`),
  UNIQUE KEY `educationalyears_end_year` (`end_year`)
) ENGINE=InnoDB AUTO_INCREMENT=3 DEFAULT CHARSET=utf8mb4 COLLATE=utf8mb4_0900_ai_ci;

-- Дамп данных таблицы corusant.educational_years: ~0 rows (приблизительно)
INSERT INTO `educational_years` (`id`, `begin_year`, `end_year`) VALUES
	(1, '2024', '2025');

-- Дамп структуры для таблица corusant.files_update
CREATE TABLE IF NOT EXISTS `files_update` (
  `id` int NOT NULL AUTO_INCREMENT,
  `file_name` varchar(50) DEFAULT NULL,
  `version_major` int DEFAULT NULL,
  `version_submajor` int DEFAULT NULL,
  `version_minor` int DEFAULT NULL,
  `version_subminor` int DEFAULT NULL,
  `file` longblob,
  PRIMARY KEY (`id`)
) ENGINE=InnoDB AUTO_INCREMENT=2 DEFAULT CHARSET=utf8mb4 COLLATE=utf8mb4_0900_ai_ci;

-- Дамп данных таблицы corusant.files_update: ~0 rows (приблизительно)

-- Дамп структуры для таблица corusant.generic_work
CREATE TABLE IF NOT EXISTS `generic_work` (
  `id` int NOT NULL AUTO_INCREMENT,
  `teacher_plan_id` int DEFAULT NULL,
  `work_form_id` int DEFAULT NULL,
  `semester` int NOT NULL,
  `complite` text CHARACTER SET utf8mb4 COLLATE utf8mb4_0900_ai_ci,
  `order_place` int DEFAULT NULL,
  `plan_hours` int DEFAULT NULL,
  `fact_hours` int DEFAULT NULL,
  PRIMARY KEY (`id`) USING BTREE,
  KEY `FK_generic_work_work_form` (`work_form_id`) USING BTREE,
  KEY `FK_generic_work_teacher_plan` (`teacher_plan_id`) USING BTREE,
  CONSTRAINT `FK_generic_work_teacher_plan` FOREIGN KEY (`teacher_plan_id`) REFERENCES `teacher_plan` (`id`) ON DELETE CASCADE ON UPDATE CASCADE,
  CONSTRAINT `FK_generic_work_work_form` FOREIGN KEY (`work_form_id`) REFERENCES `generic_work_form` (`id`) ON DELETE CASCADE ON UPDATE CASCADE
) ENGINE=InnoDB AUTO_INCREMENT=203 DEFAULT CHARSET=utf8mb4 COLLATE=utf8mb4_0900_ai_ci;

-- Дамп данных таблицы corusant.generic_work: ~72 rows (приблизительно)
INSERT INTO `generic_work` (`id`, `teacher_plan_id`, `work_form_id`, `semester`, `complite`, `order_place`, `plan_hours`, `fact_hours`) VALUES
	(39, 97, 5, 1, 'Мет. раб. вож. в дет-юнош. орган (13 лекций);\nМетод. орган. культ-досуг. деят (8 лекций)', 1, 63, 0),
	(41, 97, 3, 2, 'Метод. раб. вож.;\nМетод. орган. культ-досуг деят', 1, 6, 0),
	(43, 97, 6, 1, 'Метод. работы вожатого', 2, 30, 0),
	(45, 97, 6, 2, 'Метод. орган. культ-досуг деят', 2, 30, 0),
	(48, 97, 85, 1, NULL, 1, 10, 0),
	(50, 97, 86, 1, NULL, 2, 10, 0),
	(52, 97, 86, 1, NULL, 3, 0, 0),
	(54, 97, 85, 2, NULL, 1, 10, 0),
	(56, 97, 86, 2, NULL, 2, 15, 0),
	(58, 97, 87, 2, NULL, 3, 0, 0),
	(60, 94, 5, 1, NULL, 1, 3, 0),
	(62, 94, 7, 1, NULL, 2, 18, 0),
	(64, 94, 8, 1, NULL, 3, 20, 0),
	(67, 94, 9, 1, NULL, 4, 4, 0),
	(69, 94, 10, 1, NULL, 5, 4, 0),
	(71, 94, 11, 1, NULL, 6, 10, 0),
	(73, 94, 16, 1, NULL, 7, 8, 0),
	(75, 94, 18, 1, NULL, 8, 8, 0),
	(77, 94, 22, 1, NULL, 9, 10, 0),
	(79, 94, 33, 1, NULL, 10, 12, 0),
	(81, 94, 36, 1, NULL, 11, 8, 0),
	(83, 94, 37, 1, NULL, 12, 4, 0),
	(85, 94, 38, 1, NULL, 13, 15, 0),
	(87, 94, 39, 1, NULL, 14, 12, 0),
	(89, 94, 3, 2, NULL, 1, 9, 0),
	(91, 94, 5, 2, NULL, 2, 3, 0),
	(93, 94, 7, 2, NULL, 3, 12, 0),
	(95, 94, 11, 2, NULL, 4, 10, 0),
	(97, 94, 16, 2, NULL, 5, 4, 0),
	(99, 94, 18, 2, NULL, 6, 8, 0),
	(101, 94, 22, 2, NULL, 7, 10, 0),
	(103, 94, 36, 2, NULL, 8, 6, 0),
	(105, 94, 37, 2, NULL, 9, 4, 0),
	(107, 94, 38, 2, NULL, 10, 10, 0),
	(109, 94, 39, 2, NULL, 11, 10, 0),
	(111, 94, 41, 1, NULL, 1, 20, 0),
	(113, 94, 42, 1, NULL, 2, 5, 0),
	(115, 94, 45, 1, NULL, 3, 10, 0),
	(117, 94, 46, 1, NULL, 4, 10, 0),
	(119, 94, 51, 1, NULL, 5, 15, 0),
	(121, 94, 52, 1, NULL, 6, 20, 0),
	(123, 94, 53, 1, NULL, 7, 10, 0),
	(125, 94, 55, 1, NULL, 8, 6, 0),
	(127, 94, 57, 1, NULL, 9, 34, 0),
	(130, 94, 41, 2, NULL, 1, 20, 0),
	(132, 94, 42, 2, NULL, 2, 25, 0),
	(134, 94, 45, 2, NULL, 3, 20, 0),
	(136, 94, 46, 2, NULL, 4, 10, 0),
	(138, 94, 48, 2, NULL, 5, 15, 0),
	(140, 94, 51, 2, NULL, 6, 15, 0),
	(142, 94, 52, 2, NULL, 7, 10, 0),
	(144, 94, 53, 2, NULL, 8, 5, 0),
	(146, 94, 55, 2, NULL, 9, 6, 0),
	(148, 94, 75, 1, NULL, 1, 2, 0),
	(150, 94, 76, 1, NULL, 2, 5, 0),
	(152, 94, 77, 1, NULL, 3, 5, 0),
	(154, 94, 79, 1, NULL, 4, 10, 0),
	(156, 94, 75, 2, NULL, 1, 3, 0),
	(158, 94, 76, 2, NULL, 2, 5, 0),
	(160, 94, 77, 2, NULL, 3, 10, 0),
	(162, 94, 79, 2, NULL, 4, 10, 0),
	(164, 94, 84, 1, NULL, 1, 10, 0),
	(166, 94, 85, 1, NULL, 2, 20, 0),
	(168, 94, 86, 1, NULL, 3, 24, 0),
	(170, 94, 87, 1, NULL, 4, 4, 0),
	(172, 94, 89, 1, NULL, 5, 10, 0),
	(174, 94, 90, 1, NULL, 6, 2, 0),
	(176, 94, 84, 2, NULL, 1, 10, 0),
	(178, 94, 85, 2, NULL, 2, 20, 0),
	(180, 94, 86, 2, NULL, 3, 24, 0),
	(182, 94, 87, 2, NULL, 4, 4, 0),
	(184, 94, 89, 2, NULL, 5, 10, 0),
	(186, 94, 90, 2, NULL, 6, 2, 0);

-- Дамп структуры для таблица corusant.generic_work_form
CREATE TABLE IF NOT EXISTS `generic_work_form` (
  `id` int NOT NULL AUTO_INCREMENT,
  `work_type` int NOT NULL DEFAULT '0',
  `chapter` varchar(10) NOT NULL DEFAULT '0',
  `name` varchar(255) CHARACTER SET utf8mb4 COLLATE utf8mb4_0900_ai_ci NOT NULL DEFAULT '0',
  `max_year_count` int NOT NULL DEFAULT '0',
  `max_unit_count` int DEFAULT NULL,
  PRIMARY KEY (`id`),
  KEY `FK__teacher_plan_works_type` (`work_type`),
  CONSTRAINT `FK__teacher_plan_works_type` FOREIGN KEY (`work_type`) REFERENCES `teacher_plan_works_type` (`id`) ON DELETE CASCADE ON UPDATE CASCADE
) ENGINE=InnoDB AUTO_INCREMENT=91 DEFAULT CHARSET=utf8mb4 COLLATE=utf8mb4_0900_ai_ci;

-- Дамп данных таблицы corusant.generic_work_form: ~90 rows (приблизительно)
INSERT INTO `generic_work_form` (`id`, `work_type`, `chapter`, `name`, `max_year_count`, `max_unit_count`) VALUES
	(1, 2, '2.1.1', 'Разработка рабочих программ учебных дисциплин, подготовка фондов оценочных средств по дисциплинам учебного плана', 50, NULL),
	(2, 2, '2.1.2', 'Переработка рабочей программы учебной дисциплины, фондов оценочных средств по дисциплинам учебного плана', 20, NULL),
	(3, 2, '2.1.3', 'Внесение изменений в рабочую программу учебной дисциплины', 3, NULL),
	(4, 2, '2.2.1', 'Разработка тезисов или конспекта лекции: По вновь вводимой теме', 8, NULL),
	(5, 2, '2.2.2', 'Разработка тезисов или конспекта лекции: По ранее читавшейся теме', 3, NULL),
	(6, 2, '2.3.1', 'Разработка тестов по дисциплинам:Разработка новых', 30, NULL),
	(7, 2, '2.3.2', 'Разработка тестов по дисциплинам:Корректировка имеющихся', 6, NULL),
	(8, 2, '2.4.1', 'Составление заданий и подбор различных документов при подготовке: К учебным занятиям (для курсовых работ, домашних заданий, лабораторных работ, РГР, заданий на практику и др.)', 20, NULL),
	(9, 2, '2.4.2', 'Составление заданий и подбор различных документов при подготовке: К открытым занятиям (показательным (мастер-классам), проверочным)', 6, NULL),
	(10, 2, '2.5.1', 'Выпускные квалификационные работы:Разработка тематики (перечня тем)', 12, NULL),
	(11, 2, '2.5.2', 'Выпускные квалификационные работы:Разработка методических рекомендаций для обучающихся по подготовке и защите ВКР', 20, NULL),
	(12, 2, '2.6.1', 'Курсовые работы:Разработка тематики (перечня тем)', 6, NULL),
	(13, 2, '2.6.2', 'Курсовые работы:Разработка методических рекомендаций для обучающихся по подготовке и защите курсовых работ', 10, NULL),
	(14, 2, '2.6.3', 'Курсовые работы:Участие в публичной защите курсовой работы', 4, NULL),
	(15, 2, '2.7.1', 'Разработка материалов для проведения зачетов:Разработка новых', 8, NULL),
	(16, 2, '2.7.2', 'Разработка материалов для проведения зачетов:Корректировка имеющихся', 4, NULL),
	(17, 2, '2.8.1', 'Составление экзаменационных билетов:Разработка новых', 12, NULL),
	(18, 2, '2.8.2', 'Составление экзаменационных билетов:Корректировка имеющихся', 4, NULL),
	(19, 2, '2.9.1', 'Составление примерного перечня вопросов для формирования билетов для государственных экзаменов:Разработка нового перечня', 18, NULL),
	(20, 2, '2.9.2', 'Составление примерного перечня вопросов для формирования билетов для государственных экзаменов:Корректировка имеющегося', 6, NULL),
	(21, 2, '2.10.1', 'Обучение с применением дистанционных образовательных технологий: Групповые консультации с использованием видео-конференц-связи', 20, NULL),
	(22, 2, '2.10.2', 'Обучение с применением дистанционных образовательных технологий: Индивидуальное консультационно-методическое сопровождение обучающихся при изучении образовательного контента с применением ДОТ', 20, NULL),
	(23, 2, '2.10.3', 'Обучение с применением дистанционных образовательных технологий: Проверка и рецензирование контрольной работы (практического задания) по теме (разделу, модулю) (с использованием ДОТ)', 20, NULL),
	(24, 2, '2.11.1', 'Разработка, обновление программы вступительных испытаний', 10, NULL),
	(25, 2, '2.11.2', 'Разработка материалов (слайдов) для мультиме-дийного сопровождения занятия в электронной версии', 4, NULL),
	(26, 2, '2.11.3', 'Рецензирование реферата у аспирантов, соискателей и материалов диссертационного исследования докторантов', 0, NULL),
	(27, 2, '2.11.4', 'Руководство соискателем ', 25, NULL),
	(28, 2, '2.11.5', 'Изучение, анализ и внедрение в учебный процесс современной учебной и научно-методической литературы по преподаваемым дисциплинам', 30, NULL),
	(29, 2, '2.11.6', 'Написание учебника', 150, NULL),
	(30, 2, '2.11.7', 'Переиздание учебника ', 50, NULL),
	(31, 2, '2.11.8', 'Написание пособия, курса лекций, практикума, справочника, сборника задач, методических рекомендаций', 80, NULL),
	(32, 2, '2.11.9', 'Переиздание пособия, курса лекций, практикума, справочника, сборника задач, методических рекомендаций', 40, NULL),
	(33, 2, '2.11.10', 'Рецензирование учебников и учебных пособий', 6, NULL),
	(34, 2, '2.11.11.1', 'Организация и проведение учебно-методических конференций: Внутривузовских', 20, NULL),
	(35, 2, '2.11.11.2', 'Организация и проведение учебно-методических конференций: Кафедральных', 4, NULL),
	(36, 2, '2.11.12', 'Разработка, освоение и методическое обеспечение новых технологий и технологических приемов обучения (деловые и ситуационные игры, тренажеры, автоматизированные системы обучения и др.)', 20, NULL),
	(37, 2, '2.11.13', 'Индивидуальное консультационно-методическое сопровождение обучающихся при изучении образовательного контента по очной форме обучения', 0, NULL),
	(38, 2, '2.11.14', 'Организация учебной и учебно-методической работы на кафедре', 50, NULL),
	(39, 2, '2.11.15', 'Заполнение контрольных листов текущей аттестации', 2, NULL),
	(40, 3, '03.01.01', 'Подготовка и издание монографии', 0, NULL),
	(41, 3, '03.01.02', 'Подготовка плана и отчета по НИР (промежуточного, заключительного)', 0, NULL),
	(42, 3, '3.2', 'Внедрение научных разработок с оформлением акта внедрения', 0, NULL),
	(43, 3, '3.3', 'Подготовка научных статей:', 0, NULL),
	(44, 3, '03.03.01', 'Подготовка публикации в журналах, входящих в международные базы данных', 0, NULL),
	(45, 3, '03.03.02', 'Подготовка публикации в журналах, рекомендованных ВАК Минобрнауки России', 0, NULL),
	(46, 3, '03.03.03', 'Публикации в РИНЦ', 0, NULL),
	(47, 3, '03.04.01', 'Подготовка доклада и выступление на международной научной конференции', 0, NULL),
	(48, 3, '03.04.02', 'Подготовка доклада и выступление на Всероссийской научной конференции', 0, NULL),
	(49, 3, '03.04.03', 'Подготовка доклада и выступление на региональной  и внутривузовской научной конференции', 0, NULL),
	(50, 3, '03.04.04', 'Подготовка доклада и выступление на кафедральной конференции', 0, NULL),
	(51, 3, '03.05.01', 'Подготовка доклада и выступление обучающегося на международной* научной конференции', 0, NULL),
	(52, 3, '03.05.02', 'Подготовка доклада и выступление обучающегося на Всероссийской* научной конференции', 0, NULL),
	(53, 3, '03.05.03', 'Подготовка доклада и выступление обучающегося на региональной  и внутривузовской научной конференции', 0, NULL),
	(54, 3, '3.6', 'Участие в работе диссертационных советов', 0, NULL),
	(55, 3, '3.7', 'Организация работы научно-представительских и конкурсно-оценочных мероприятий на кафедре', 0, NULL),
	(56, 3, '3.8', 'Научное руководство (консультирование) диссертационным исследованием прикрепленных соискателей', 0, NULL),
	(57, 3, '3.9', 'Подготовка заявки (конкурсной документации) на проведение научного исследования для участия в научном конкурсе (гранте)', 0, NULL),
	(58, 3, '3.10', 'Получение свидетельства о регистрации программного продукта, полезной модели и т.п.', 0, NULL),
	(59, 3, '3.11', 'Получение патента', 0, NULL),
	(60, 3, '3.12', 'Организация научной работы на кафедре', 0, NULL),
	(61, 3, '3.13', 'Организация работы в РИНЦ', 0, NULL),
	(62, 3, '3.14', 'Организация деятельности и руководство студенческим научным кружком на кафедре', 0, NULL),
	(63, 4, '4.1.1', 'Куратор 1 курс бакалавриата (очная форма обучения)', 0, NULL),
	(64, 4, '4.1.2', 'Куратор 2 курс бакалавриата (очная форма обучения)', 0, NULL),
	(65, 4, '4.1.3', 'Куратор 3 курс бакалавриата (очная форма обучения)', 0, NULL),
	(66, 4, '4.1.4', 'Куратор 4 курс бакалавриата (очная форма обучения)', 0, NULL),
	(67, 4, '4.1.5', 'Куратор 1 курс магистратуры (очная форма обучения)', 0, NULL),
	(68, 4, '4.1.6', 'Куратор 2 курс магистратуры (очная форма обучения)', 0, NULL),
	(69, 4, '4.1.7.', 'Куратор 1 курс бакалавриата (заочная форма обучения)', 0, NULL),
	(70, 4, '4.1.8.', 'Куратор 2 курс бакалавриата (заочная форма обучения)', 0, NULL),
	(71, 4, '4.1.9', 'Куратор 3 курс бакалавриата (заочная форма обучения)', 0, NULL),
	(72, 4, '4.1.10', 'Куратор  курс бакалавриата (заочная форма обучения)', 0, NULL),
	(73, 4, '4.1.11', 'Куратор 5 курс бакалавриата (заочная форма обучения)', 0, NULL),
	(74, 4, '4.2', 'Подготовка авторских студенческих проектов: Внутривузовский уровень', 0, NULL),
	(75, 4, '4.2.1', 'Подготовка авторских студенческих проектов: Региональный уровень', 0, NULL),
	(76, 4, '4.2.2', 'Подготовка авторских студенческих проектов: Всероссийский уровень', 0, NULL),
	(77, 4, '4.2.3', 'Подготовка авторских студенческих проектов: Международный уровень', 0, NULL),
	(78, 4, '4.3', 'Составление авторской заявки на грант в рамках направления по молодежной политике и спортивной деятельности', 0, NULL),
	(79, 4, '4.4', 'Подготовка и проведение торжественных общеакадемических культурно-массовых и спортивных мероприятий', 0, NULL),
	(80, 4, '4.5', 'Подготовка сборных команд академии по видам спорта для участия в межвузовских, окружных  и всероссийских соревнованиях', 0, NULL),
	(81, 4, '4.6', 'Организация воспитательной работы на кафедре', 0, NULL),
	(82, 4, '4.7', 'Организация спортивной работы на кафедре', 0, NULL),
	(83, 4, '4.8', 'Организация информационной политики на кафедре', 0, NULL),
	(84, 5, '5.1', 'Организация и проведение профориентационной работы', 0, NULL),
	(85, 5, '5.2', 'Участие в заседаниях и совещаниях кафедры ', 0, NULL),
	(86, 5, '5.3', 'Участие в спортивных, культурно-массовых, научных и других мероприятиях Академии ', 0, NULL),
	(87, 5, '5.4', 'Взаимопосещение занятий ППС', 0, NULL),
	(88, 5, '5.5', 'Организация и участие в выездных мероприятиях (мастер-классы, публичные лекции и др.)', 0, NULL),
	(89, 5, '5.6', 'Участие в работе Ученого совета, учебно-методического совета, научно-методического совета, совета факультета и других комиссиях (рабочих группах) Академии', 0, NULL),
	(90, 5, '5.7', 'Подготовка планов, отчетов по кафедре', 0, NULL);

-- Дамп структуры для таблица corusant.group
CREATE TABLE IF NOT EXISTS `group` (
  `id` int NOT NULL AUTO_INCREMENT,
  `name` varchar(50) CHARACTER SET utf8mb4 COLLATE utf8mb4_0900_ai_ci NOT NULL,
  PRIMARY KEY (`id`)
) ENGINE=InnoDB AUTO_INCREMENT=6 DEFAULT CHARSET=utf8mb4 COLLATE=utf8mb4_0900_ai_ci;

-- Дамп данных таблицы corusant.group: ~2 rows (приблизительно)
INSERT INTO `group` (`id`, `name`) VALUES
	(2, '101-А'),
	(3, '101-СП');

-- Дамп структуры для таблица corusant.post
CREATE TABLE IF NOT EXISTS `post` (
  `id` int NOT NULL AUTO_INCREMENT,
  `name` varchar(255) NOT NULL,
  PRIMARY KEY (`id`),
  UNIQUE KEY `post_name` (`name`)
) ENGINE=InnoDB AUTO_INCREMENT=26 DEFAULT CHARSET=utf8mb4 COLLATE=utf8mb4_0900_ai_ci;

-- Дамп данных таблицы corusant.post: ~11 rows (приблизительно)
INSERT INTO `post` (`id`, `name`) VALUES
	(3, 'Ассистент'),
	(9, 'Декан'),
	(6, 'Доцент'),
	(8, 'Завкафедрой'),
	(1, 'Лаборант'),
	(25, 'Менеджер'),
	(23, 'Начальник отдела'),
	(4, 'Преподаватель'),
	(12, 'Проректор по административно-хозяйственной работе'),
	(13, 'Проректор по молодёжной политике'),
	(11, 'Проректор по научно-исследовательской работе'),
	(10, 'Проректор по учебной работе'),
	(7, 'Профессор'),
	(14, 'Ректор'),
	(24, 'Специалист по учебно-методической работе'),
	(2, 'Старший лаборант'),
	(5, 'Старший преподаватель');

-- Дамп структуры для таблица corusant.rang
CREATE TABLE IF NOT EXISTS `rang` (
  `id` int NOT NULL AUTO_INCREMENT,
  `name` varchar(255) NOT NULL,
  PRIMARY KEY (`id`),
  UNIQUE KEY `rang_name` (`name`)
) ENGINE=InnoDB AUTO_INCREMENT=3 DEFAULT CHARSET=utf8mb4 COLLATE=utf8mb4_0900_ai_ci;

-- Дамп данных таблицы corusant.rang: ~2 rows (приблизительно)
INSERT INTO `rang` (`id`, `name`) VALUES
	(2, 'Д.м.н.'),
	(1, 'К.п.н.');

-- Дамп структуры для таблица corusant.staff
CREATE TABLE IF NOT EXISTS `staff` (
  `id` int NOT NULL AUTO_INCREMENT,
  `user_id` int NOT NULL,
  `department_id` int NOT NULL,
  `post_id` int NOT NULL,
  `main` tinyint NOT NULL DEFAULT '0',
  PRIMARY KEY (`id`),
  KEY `staff_user_id` (`user_id`),
  KEY `staff_department_id` (`department_id`),
  KEY `staff_post_id` (`post_id`),
  CONSTRAINT `staff_ibfk_1` FOREIGN KEY (`user_id`) REFERENCES `user` (`id`),
  CONSTRAINT `staff_ibfk_2` FOREIGN KEY (`department_id`) REFERENCES `department` (`id`),
  CONSTRAINT `staff_ibfk_3` FOREIGN KEY (`post_id`) REFERENCES `post` (`id`)
) ENGINE=InnoDB AUTO_INCREMENT=40 DEFAULT CHARSET=utf8mb4 COLLATE=utf8mb4_0900_ai_ci;

-- Дамп данных таблицы corusant.staff: ~9 rows (приблизительно)
INSERT INTO `staff` (`id`, `user_id`, `department_id`, `post_id`, `main`) VALUES
	(27, 3, 4, 6, 0),
	(28, 4, 13, 8, 1),
	(31, 7, 7, 6, 0),
	(32, 8, 5, 6, 1),
	(33, 8, 5, 6, 0),
	(36, 10, 4, 6, 1),
	(37, 10, 7, 6, 0),
	(38, 11, 7, 5, 1),
	(39, 11, 14, 5, 0);

-- Дамп структуры для таблица corusant.staff_access_rigth
CREATE TABLE IF NOT EXISTS `staff_access_rigth` (
  `id` int NOT NULL AUTO_INCREMENT,
  `staff_id` int NOT NULL DEFAULT '0',
  `rights` varchar(255) NOT NULL DEFAULT '0',
  PRIMARY KEY (`id`),
  KEY `FK_staff_right` (`staff_id`),
  CONSTRAINT `FK_staff_right` FOREIGN KEY (`staff_id`) REFERENCES `staff` (`id`)
) ENGINE=InnoDB AUTO_INCREMENT=2 DEFAULT CHARSET=utf8mb4 COLLATE=utf8mb4_0900_ai_ci;

-- Дамп данных таблицы corusant.staff_access_rigth: ~1 rows (приблизительно)
INSERT INTO `staff_access_rigth` (`id`, `staff_id`, `rights`) VALUES
	(1, 28, '2');

-- Дамп структуры для таблица corusant.teacher_plan
CREATE TABLE IF NOT EXISTS `teacher_plan` (
  `id` int NOT NULL AUTO_INCREMENT,
  `staff_id` int DEFAULT NULL,
  `year_id` int NOT NULL,
  `rate` decimal(3,2) NOT NULL,
  `status_id` int NOT NULL,
  `approved_user_id` int DEFAULT NULL,
  `approved_date` date DEFAULT NULL,
  `department_boss_sign_id` int DEFAULT NULL,
  `protocol_number` varchar(255) DEFAULT NULL,
  `protocol_date` date DEFAULT NULL,
  `comments` text,
  PRIMARY KEY (`id`),
  KEY `teacherplan_year_id` (`year_id`),
  KEY `teacherplan_status_id` (`status_id`),
  KEY `teacherplan_approved_user_id` (`approved_user_id`),
  KEY `teacherplan_department_boss_sign_id` (`department_boss_sign_id`),
  KEY `FK_teacher_plan_staff` (`staff_id`),
  CONSTRAINT `FK_teacher_plan_staff` FOREIGN KEY (`staff_id`) REFERENCES `staff` (`id`) ON DELETE CASCADE ON UPDATE CASCADE,
  CONSTRAINT `teacher_plan_ibfk_4` FOREIGN KEY (`year_id`) REFERENCES `educational_years` (`id`) ON DELETE CASCADE ON UPDATE CASCADE,
  CONSTRAINT `teacher_plan_ibfk_5` FOREIGN KEY (`status_id`) REFERENCES `teacher_plan_status` (`id`),
  CONSTRAINT `teacher_plan_ibfk_6` FOREIGN KEY (`approved_user_id`) REFERENCES `user` (`id`),
  CONSTRAINT `teacher_plan_ibfk_7` FOREIGN KEY (`department_boss_sign_id`) REFERENCES `user` (`id`)
) ENGINE=InnoDB AUTO_INCREMENT=100 DEFAULT CHARSET=utf8mb4 COLLATE=utf8mb4_0900_ai_ci;

-- Дамп данных таблицы corusant.teacher_plan: ~4 rows (приблизительно)
INSERT INTO `teacher_plan` (`id`, `staff_id`, `year_id`, `rate`, `status_id`, `approved_user_id`, `approved_date`, `department_boss_sign_id`, `protocol_number`, `protocol_date`, `comments`) VALUES
	(94, 32, 1, 1.00, 1, NULL, NULL, NULL, NULL, NULL, NULL),
	(96, 37, 1, 0.50, 1, NULL, NULL, NULL, NULL, NULL, NULL),
	(97, 38, 1, 0.25, 1, NULL, NULL, NULL, NULL, NULL, NULL),
	(98, 39, 1, 1.00, 1, NULL, NULL, NULL, NULL, NULL, NULL),
	(99, 28, 1, 1.00, 1, NULL, NULL, NULL, NULL, NULL, NULL);

-- Дамп структуры для таблица corusant.teacher_plan_status
CREATE TABLE IF NOT EXISTS `teacher_plan_status` (
  `id` int NOT NULL AUTO_INCREMENT,
  `name` varchar(255) NOT NULL,
  PRIMARY KEY (`id`),
  UNIQUE KEY `teacherplanstatus_name` (`name`)
) ENGINE=InnoDB AUTO_INCREMENT=4 DEFAULT CHARSET=utf8mb4 COLLATE=utf8mb4_0900_ai_ci;

-- Дамп данных таблицы corusant.teacher_plan_status: ~3 rows (приблизительно)
INSERT INTO `teacher_plan_status` (`id`, `name`) VALUES
	(1, 'В разработке'),
	(2, 'На утверждении'),
	(3, 'Утвержден');

-- Дамп структуры для таблица corusant.teacher_plan_works_type
CREATE TABLE IF NOT EXISTS `teacher_plan_works_type` (
  `id` int NOT NULL AUTO_INCREMENT,
  `name` varchar(255) NOT NULL,
  `order` int DEFAULT NULL,
  `enable` tinyint DEFAULT NULL,
  PRIMARY KEY (`id`),
  UNIQUE KEY `teacherplanworkstype_name` (`name`)
) ENGINE=InnoDB AUTO_INCREMENT=6 DEFAULT CHARSET=utf8mb4 COLLATE=utf8mb4_0900_ai_ci;

-- Дамп данных таблицы corusant.teacher_plan_works_type: ~5 rows (приблизительно)
INSERT INTO `teacher_plan_works_type` (`id`, `name`, `order`, `enable`) VALUES
	(1, 'Учебная работа', 1, 1),
	(2, 'Учебно-методическая работа', 2, 1),
	(3, 'Научно-исследовательская работа', 3, 1),
	(4, 'Воспитательная и спортивная работа', 4, 1),
	(5, 'Другие виды работ', 5, 1);

-- Дамп структуры для таблица corusant.user
CREATE TABLE IF NOT EXISTS `user` (
  `id` int NOT NULL AUTO_INCREMENT,
  `login` varchar(255) NOT NULL,
  `password` varchar(255) NOT NULL,
  `surname` varchar(255) NOT NULL,
  `name` varchar(255) NOT NULL,
  `middle_name` varchar(255) DEFAULT NULL,
  `rang_id` int DEFAULT NULL,
  PRIMARY KEY (`id`),
  UNIQUE KEY `user_login` (`login`),
  KEY `user_rang_id` (`rang_id`),
  CONSTRAINT `user_ibfk_1` FOREIGN KEY (`rang_id`) REFERENCES `rang` (`id`)
) ENGINE=InnoDB AUTO_INCREMENT=12 DEFAULT CHARSET=utf8mb4 COLLATE=utf8mb4_0900_ai_ci;

-- Дамп данных таблицы corusant.user: ~6 rows (приблизительно)
INSERT INTO `user` (`id`, `login`, `password`, `surname`, `name`, `middle_name`, `rang_id`) VALUES
	(3, 'pasharina', '6ce956ae75aed85c1076977ea44c12df', 'Пашарина', 'Екатерина', 'Сергеевна', NULL),
	(4, 'temp', '3d801aa532c1cec3ee82d87a99fdf63f', '1', '2', '3', NULL),
	(7, 'Альбошкина', '582fd2f82d0b4ccc63fc92f961f5dd16', 'Альбошкина', 'Светлана', 'Александровна', NULL),
	(8, 'lalaeva', '22b132255c44a627817d3c52d431e97d', 'Лалаева', 'Елена ', 'Юрьевна', NULL),
	(10, 'Пашарина Е.С.', '6ce956ae75aed85c1076977ea44c12df', 'Пашарина', 'Екатерина', 'Сергеевна', NULL),
	(11, 'Овечкина', '6b304876dd25efa3ef65a7ab6963e6be', 'Овечкина', 'Ирина', 'Игоревна', NULL);

/*!40103 SET TIME_ZONE=IFNULL(@OLD_TIME_ZONE, 'system') */;
/*!40101 SET SQL_MODE=IFNULL(@OLD_SQL_MODE, '') */;
/*!40014 SET FOREIGN_KEY_CHECKS=IFNULL(@OLD_FOREIGN_KEY_CHECKS, 1) */;
/*!40101 SET CHARACTER_SET_CLIENT=@OLD_CHARACTER_SET_CLIENT */;
/*!40111 SET SQL_NOTES=IFNULL(@OLD_SQL_NOTES, 1) */;
